{
  "url_only": {
    "accuracy": 0.9871710596068619,
    "precision_phish": 0.9926048898279505,
    "recall_phish": 0.9773143791173411,
    "f1_phish": 0.9849002920108818
  },
  "dom_only": {
    "accuracy": 0.9855806950953159,
    "precision_phish": 0.9867757872149309,
    "recall_phish": 0.9794442518202982,
    "f1_phish": 0.9830963508004376
  },
  "visual_only": {
    "accuracy": 0.0,
    "note": "Insufficient visual samples"
  },
  "url_dom": {
    "accuracy": 0.9974766216416803,
    "precision_phish": 0.9973731165741475,
    "recall_phish": 0.9967308930605775,
    "f1_phish": 0.9970519013997274
  },
  "url_visual": {
    "accuracy": 0.9871710596068619,
    "precision_phish": 0.9926048898279505,
    "recall_phish": 0.9773143791173411,
    "f1_phish": 0.9849002920108818
  },
  "dom_visual": {
    "accuracy": 0.9855806950953159,
    "precision_phish": 0.9867757872149309,
    "recall_phish": 0.9794442518202982,
    "f1_phish": 0.9830963508004376
  },
  "all_modalities": {
    "accuracy": 0.9974766216416803,
    "precision_phish": 0.9973731165741475,
    "recall_phish": 0.9967308930605775,
    "f1_phish": 0.9970519013997274
  }
}