{
  "accuracy": 0.9966496320956764,
  "report": {
    "0": {
      "precision": 0.9955274635913358,
      "recall": 0.9986281053021876,
      "f1-score": 0.9970753739078928,
      "support": 53940.0
    },
    "1": {
      "precision": 0.9981596617756777,
      "recall": 0.9940066372777255,
      "f1-score": 0.9960788206680895,
      "support": 40378.0
    },
    "accuracy": 0.9966496320956764,
    "macro avg": {
      "precision": 0.9968435626835068,
      "recall": 0.9963173712899566,
      "f1-score": 0.9965770972879912,
      "support": 94318.0
    },
    "weighted avg": {
      "precision": 0.9966543205888057,
      "recall": 0.9966496320956764,
      "f1-score": 0.9966487445612485,
      "support": 94318.0
    }
  },
  "confusion_matrix": [
    [
      53866,
      74
    ],
    [
      242,
      40136
    ]
  ],
  "FPR": 0.0013718946978123587,
  "FNR": 0.005993362722274358,
  "MCC": 0.9931607945814511,
  "ROC_AUC": 0.9997665750720945
}