{
  "accuracy": 0.9875739519497869,
  "report": {
    "0": {
      "precision": 0.9831526516261354,
      "recall": 0.9953281423804227,
      "f1-score": 0.9892029332645466,
      "support": 26970.0
    },
    "1": {
      "precision": 0.993653991437925,
      "recall": 0.9772153152706919,
      "f1-score": 0.9853660972929777,
      "support": 20189.0
    },
    "accuracy": 0.9875739519497869,
    "macro avg": {
      "precision": 0.9884033215320303,
      "recall": 0.9862717288255574,
      "f1-score": 0.9872845152787622,
      "support": 47159.0
    },
    "weighted avg": {
      "precision": 0.987648326883461,
      "recall": 0.9875739519497869,
      "f1-score": 0.9875603649015617,
      "support": 47159.0
    }
  },
  "confusion_matrix": [
    [
      26844,
      126
    ],
    [
      460,
      19729
    ]
  ],
  "FPR": 0.004671857619577135,
  "FNR": 0.02278468472930691,
  "MCC": 0.9746727194818267,
  "ROC_AUC": 0.9944656193263611,
  "features_used": [
    "URLLength",
    "DomainLength",
    "IsDomainIP",
    "TLDLength",
    "NoOfSubDomain",
    "HasObfuscation",
    "NoOfObfuscatedChar",
    "ObfuscationRatio",
    "DomainDigitRatio",
    "DomainHyphenCount",
    "MaxDigitRunLength",
    "URLEntropy",
    "IsSLDNumeric",
    "HasIDNHomograph",
    "BrandKeywordInSLD"
  ],
  "note": "Trained on inference-time feature values \u2014 covariate shift eliminated"
}